mut_name,mut_escape
A:T345A,0.002837
A:T345D,0.002028
A:T345E,0.01092
A:T345K,0.3931
A:T345P,0.002423
A:T345R,0.3614
A:T345S,0.001555
A:R346A,0.7814
A:R346C,0.7932
A:R346D,0.9118
A:R346E,0.7662
A:R346F,0.6432
A:R346G,0.6972
A:R346H,0.6559
A:R346I,0.7341
A:R346K,0.8195
A:R346L,0.7974
A:R346M,0.8678
A:R346N,0.8052
A:R346Q,0.6607
A:R346S,0.8129
A:R346T,0.8036
A:R346V,0.8199
A:R346W,0.7443
A:R346Y,0.8359
A:S438A,0.001464
A:S438T,0.001908
A:N439D,0.00183
A:N439H,0.02743
A:N439K,0.01011
A:N439L,0.002829
A:N439M,0.002153
A:N439Q,0.002831
A:N439S,0.001853
A:N439T,0.004511
A:N439V,0.001162
A:N439Y,0.009055
A:N440A,0.001768
A:N440C,0.02318
A:N440D,0.002549
A:N440E,0.009918
A:N440F,0.3579
A:N440G,0.001145
A:N440H,0.001522
A:N440I,0.4235
A:N440K,0.8145
A:N440L,0.6884
A:N440M,0.1054
A:N440P,0.002048
A:N440Q,0.01995
A:N440R,0.2303
A:N440S,0.001531
A:N440T,0.01367
A:N440V,0.2199
A:N440Y,0.05924
A:L441A,0.07916
A:L441F,0.001521
A:L441H,0.001665
A:L441I,0.002693
A:L441Q,0.001518
A:L441R,0.001856
A:L441S,0.6372
A:L441V,0.00163
A:L441W,0.001427
A:P499A,0.001607
A:P499C,0.002257
A:P499D,0.001675
A:P499E,0.002579
A:P499G,0.002133
A:P499H,0.001811
A:P499L,0.001554
A:P499M,0.002141
A:P499N,0.008521
A:P499Q,0.01486
A:P499R,0.004407
A:P499S,0.004404
A:P499T,0.003914
A:P499V,0.001208
A:P499Y,0.004045
