mut_name,mut_escape
A:R346A,0.002135
A:R346C,0.002172
A:R346D,0.002088
A:R346E,0.002006
A:R346F,0.002128
A:R346G,0.00212
A:R346H,0.002456
A:R346I,0.002187
A:R346K,0.00203
A:R346L,0.002374
A:R346M,0.001777
A:R346N,0.002075
A:R346Q,0.002351
A:R346S,0.002077
A:R346T,0.002115
A:R346V,0.002576
A:R346W,0.002057
A:R346Y,0.0021
A:N440A,0.00211
A:N440C,0.03351
A:N440D,0.4865
A:N440E,0.6713
A:N440F,0.7926
A:N440G,0.002113
A:N440H,0.003045
A:N440I,0.905
A:N440K,0.5491
A:N440L,0.955
A:N440M,0.4552
A:N440P,0.01297
A:N440Q,0.1613
A:N440R,0.003034
A:N440S,0.002942
A:N440T,0.4963
A:N440V,0.5387
A:N440Y,0.5349
A:L441A,0.002124
A:L441F,0.002263
A:L441H,0.002068
A:L441I,0.002602
A:L441Q,0.002102
A:L441R,0.001582
A:L441S,0.7116
A:L441V,0.00217
A:L441W,0.002675
A:K444A,0.9863
A:K444C,0.9508
A:K444D,0.867
A:K444E,0.9617
A:K444F,0.96
A:K444G,0.958
A:K444H,0.9735
A:K444I,0.9891
A:K444L,0.9673
A:K444M,0.9616
A:K444N,0.9522
A:K444P,0.9851
A:K444Q,0.9819
A:K444R,0.01099
A:K444S,0.9628
A:K444T,0.9807
A:K444V,0.9763
A:K444W,0.9732
A:K444Y,0.9888
A:V445A,0.9747
A:V445C,0.9806
A:V445D,0.9365
A:V445E,0.9946
A:V445F,0.8587
A:V445G,0.9711
A:V445H,0.8825
A:V445I,0.002733
A:V445K,1.0
A:V445L,0.8155
A:V445M,0.4539
A:V445N,0.9641
A:V445P,0.9709
A:V445Q,1.0
A:V445R,0.9556
A:V445S,0.9759
A:V445T,0.9558
A:V445W,0.7669
A:V445Y,0.9786
A:G446A,0.7531
A:G446C,0.9208
A:G446D,0.9814
A:G446E,0.9684
A:G446F,0.7036
A:G446H,0.9516
A:G446I,0.9581
A:G446K,0.9893
A:G446L,0.8383
A:G446M,0.8806
A:G446N,0.9335
A:G446P,0.9894
A:G446Q,0.9645
A:G446R,0.9467
A:G446S,0.798
A:G446T,0.9919
A:G446V,0.9599
A:G446W,0.8082
A:G446Y,0.8352
A:N448A,0.4177
A:N448C,0.5191
A:N448D,0.6031
A:N448E,0.6105
A:N448G,0.6512
A:N448H,0.4668
A:N448K,0.6835
A:N448P,0.9118
A:N448Q,0.5789
A:N448R,0.6848
A:N448S,0.02471
A:N448T,0.1305
A:N448V,0.6951
A:N448Y,0.0816
A:Y449A,0.002066
A:Y449C,0.002114
A:Y449D,0.001484
A:Y449E,0.00218
A:Y449F,0.002086
A:Y449G,0.001973
A:Y449H,0.002013
A:Y449I,0.00284
A:Y449K,0.001923
A:Y449L,0.002016
A:Y449M,0.002059
A:Y449N,0.0007902
A:Y449P,0.2928
A:Y449Q,0.002055
A:Y449R,0.001666
A:Y449S,0.001945
A:Y449T,0.001634
A:Y449V,0.002117
A:Y449W,0.001875
A:Q498A,0.002066
A:Q498C,0.002102
A:Q498D,0.002107
A:Q498E,0.002104
A:Q498F,0.03751
A:Q498G,0.002094
A:Q498H,0.002965
A:Q498I,0.002109
A:Q498K,0.002266
A:Q498L,0.004539
A:Q498M,0.002029
A:Q498N,0.00206
A:Q498R,0.002632
A:Q498S,0.001881
A:Q498T,0.001569
A:Q498V,0.002054
A:Q498W,0.2626
A:Q498Y,0.01865
