mut_name,mut_escape
A:K417A,0.01879
A:K417C,0.2657
A:K417D,0.7131
A:K417E,0.5696
A:K417F,0.8105
A:K417G,0.1248
A:K417H,0.3477
A:K417I,0.0151
A:K417L,0.02483
A:K417M,0.04496
A:K417N,0.002993
A:K417P,0.05045
A:K417Q,0.02431
A:K417R,0.0733
A:K417S,0.009869
A:K417T,0.02916
A:K417V,0.02885
A:K417W,0.7248
A:K417Y,0.7053
A:Y453A,0.5802
A:Y453F,0.5744
A:Y453H,0.4276
A:Y453K,0.6961
A:Y453M,0.5438
A:Y453R,0.6445
A:Y453S,0.2045
A:Y453V,0.4373
A:L455A,0.7161
A:L455C,0.3841
A:L455E,0.9877
A:L455F,0.3598
A:L455G,0.8462
A:L455H,0.5059
A:L455I,0.008304
A:L455M,0.008483
A:L455N,0.5571
A:L455P,0.1838
A:L455R,0.8408
A:L455S,0.5552
A:L455T,0.0377
A:L455V,0.001199
A:L455W,0.5847
A:L455Y,0.279
A:F456A,0.4221
A:F456C,0.002666
A:F456G,0.6531
A:F456H,0.002919
A:F456I,0.001199
A:F456K,0.294
A:F456L,0.001199
A:F456Q,0.002324
A:F456R,0.001199
A:F456T,0.008206
A:F456V,0.008367
A:F456W,0.001199
A:F456Y,0.001199
A:E484A,0.0141
A:E484C,0.04491
A:E484D,0.001249
A:E484F,0.4536
A:E484G,0.007197
A:E484H,0.005807
A:E484I,0.5285
A:E484K,0.00969
A:E484L,0.5491
A:E484M,0.03007
A:E484N,0.009768
A:E484P,0.007736
A:E484Q,0.003
A:E484R,0.0175
A:E484S,0.001199
A:E484T,0.008383
A:E484V,0.5557
A:E484W,0.2208
A:E484Y,0.5028
A:G485A,0.001241
A:G485C,0.03405
A:G485D,0.01894
A:G485E,0.03327
A:G485H,0.01525
A:G485K,0.001199
A:G485M,0.01193
A:G485N,0.01376
A:G485P,0.8865
A:G485Q,0.001199
A:G485R,0.008629
A:G485S,0.01042
A:G485T,0.1907
A:F486A,0.9735
A:F486C,0.928
A:F486D,0.9856
A:F486E,0.9609
A:F486G,0.9834
A:F486H,0.5051
A:F486I,0.822
A:F486K,0.9907
A:F486L,0.263
A:F486M,0.2399
A:F486N,0.9684
A:F486P,0.9638
A:F486Q,0.9427
A:F486R,0.9574
A:F486S,0.9744
A:F486T,0.9593
A:F486V,0.9447
A:F486W,0.001199
A:F486Y,0.001199
A:N487A,0.01121
A:N487D,0.8118
A:N487E,0.9621
A:N487F,0.9635
A:N487G,0.001199
A:N487H,0.00411
A:N487K,0.6589
A:N487L,0.7943
A:N487M,0.604
A:N487Q,0.02478
A:N487R,0.9577
A:N487S,0.008204
A:N487T,0.6192
A:N487Y,0.9173
A:Y489F,0.01991
A:Y489H,0.9446
A:Y489I,0.788
A:Y489L,0.7408
A:Y489M,0.5186
A:Y489Q,0.8999
A:Y489V,0.9039
A:Y489W,0.7205
A:Q493A,0.09195
A:Q493C,0.622
A:Q493D,0.8147
A:Q493E,0.7178
A:Q493F,0.4421
A:Q493G,0.03188
A:Q493H,0.1938
A:Q493I,0.0602
A:Q493K,0.6109
A:Q493L,0.1689
A:Q493M,0.02337
A:Q493N,0.001199
A:Q493R,0.1101
A:Q493S,0.04961
A:Q493T,0.006275
A:Q493V,0.03098
A:Q493W,0.4251
A:Q493Y,0.6507
