mut_name,mutdiffsel
A:T315A,1.612971210197059
A:T315Y,1.4950011864621853
A:T315V,1.4897265925911736
A:K373A,1.3072639741655028
A:T315C,1.2530084096837937
A:K373R,0.8779952532548251
A:K373C,0.8205982135653541
A:K373T,0.75647788437093
A:K316Q,0.6493287399890105
A:K373H,0.6194263314167516
A:T315W,0.2675126678465216
A:Q331R,0.2160686053229467
A:T315K,0.1457748517576755
A:T315E,0.1279557675912592
A:K316T,0.1249978104823215
A:T315S,0.1207334083063347
A:K316N,0.0946259357801764
A:Q331S,0.0918560491279015
A:K373M,0.074258835538564
A:K373D,0.0074742163080769
A:K316Y,7.732446745889103e-05
A:K316C,7.732446745889103e-05
A:K316G,7.732446745889103e-05
A:K316I,7.732446745889103e-05
A:K316P,7.732446745889103e-05
A:K316S,7.732446745889103e-05
A:K316F,7.732446745889103e-05
A:K316L,7.732446745889103e-05
A:K316V,7.732446745889103e-05
A:K316A,7.732446745889103e-05
A:K316W,7.732446745889103e-05
A:Q331Y,-0.0007537656704265
A:Q331W,-0.0007537656704265
A:Q331F,-0.0007537656704265
A:Q331C,-0.0007537656704265
A:Q331D,-0.0007537656704265
A:K373W,-0.0294467187116681
A:K373S,-0.0294467187116681
A:Q331P,-0.0304433451420438
A:K316D,-0.0371879285391767
A:Q331H,-0.0434342998236682
A:K373F,-0.0450496093554525
A:K373Y,-0.1206679236818383
A:K316E,-0.122161770369398
A:K373Q,-0.1226735741680655
A:K373L,-0.1294884245947458
A:K373G,-0.1806661768227734
A:T315I,-0.2161839013329102
A:Q331I,-0.2339127396618367
A:K316M,-0.323453564140282
A:T315M,-0.3346826631959564
A:T315Q,-0.3397513973824069
A:Q331G,-0.4587622977943282
A:Q331K,-0.5666106851643145
A:T315D,-0.574971376327036
A:Q331N,-0.5835225893854256
A:K316H,-0.6130164490840547
A:Q331T,-0.6624887528166964
A:Q331M,-0.7096799020692423
A:K316R,-0.7436801675434662
A:T315L,-0.7689215217575048
A:T315H,-0.8380699116627636
A:T315P,-0.9405124772205248
A:T315G,-1.0131938270515273
A:Q331V,-1.032886473840119
A:K373V,-1.0597640708798175
A:Q331L,-1.1877261826956522
A:T315R,-1.220720040941963
A:T315N,-1.2343033860605823
A:K373E,-1.2580806249531278
A:K373P,-1.299053156622404
A:T315F,-1.322683518325557
A:Q331A,-1.4054371306050897
A:Q331E,-1.4791652338692216
A:K373N,-1.60844907743678
A:K373I,-1.7858323408387953
A:T315T,
A:K316K,
A:Q331Q,
A:K373K,
