mut_name,mutfracsurvive
A:H38S,0.1332393645012034
A:H38D,0.0213062696588916
A:H38A,0.0190677946550936
A:H38G,0.0174713145002882
A:L292P,0.0112876360903408
A:T318I,0.0070746365338915
A:P293N,0.0066999999999999
A:H38Q,0.0058790623035008
B:A35A,0.0054417430128311
A:P293P,0.0054404559882034
A:T318T,0.0054403825375826
A:L292L,0.0054400204102135
B:A35D,0.00544
B:A35C,0.00544
B:A35F,0.00544
B:A35H,0.00544
B:A35L,0.00544
B:A35M,0.00544
B:A35Y,0.00544
B:A35W,0.00544
B:A35S,0.00544
B:A35R,0.00544
B:A35Q,0.00544
B:A35N,0.00544
A:T318Y,0.00544
A:T318W,0.00544
A:T318V,0.00544
A:T318Q,0.00544
A:T318N,0.00544
A:T318M,0.00544
A:T318G,0.00544
A:T318F,0.00544
A:T318E,0.00544
A:T318C,0.00544
A:T318D,0.00544
A:P293V,0.00544
A:P293T,0.00544
A:P293Q,0.00544
A:P293M,0.00544
A:P293K,0.00544
A:P293F,0.00544
A:P293D,0.00544
A:P293C,0.00544
A:L292W,0.00544
A:L292T,0.00544
A:L292N,0.00544
A:L292G,0.00544
A:L292E,0.00544
A:L292D,0.00544
A:P293W,0.00544
A:H38M,0.0054399999999999
A:H38I,0.0054399999999999
A:H38E,0.0054399999999999
A:H38W,0.0054399999999999
A:H38F,0.0054399999999999
A:H38T,0.0054399999999999
A:H38K,0.0054399999999999
A:H38H,0.0054288469854448
B:A35I,0.0052945726452657
A:P293E,0.0052780933942757
A:P293Y,0.0052780933942757
A:P293G,0.0052780933942757
A:L292M,0.0051618112901121
A:P293I,0.0051617004592725
A:T318H,0.00499
A:P293H,0.0049499999999999
A:T318S,0.0047149198352473
A:T318P,0.0046983333333333
A:H38V,0.0046983333333333
A:P293A,0.0046983333333333
A:H38C,0.0046983333333333
A:H38R,0.0045738780190298
A:P293R,0.0045364267276091
A:T318A,0.0044906311881773
B:A35G,0.0044841892762786
A:T318L,0.0044185714285714
A:H38L,0.0044154761904761
A:T318R,0.0041685714285714
A:H38P,0.004154800982806
A:L292Q,0.0040067398410216
A:L292Y,0.00399
B:A35K,0.00376
A:H38Y,0.0034310085159539
A:L292V,0.0033369190196945
A:P293S,0.0032725612351723
B:A35V,0.0032217173105753
A:L292H,0.0032211692069897
A:L292C,0.0031286363636363
B:A35E,0.0027854166666666
A:P293L,0.0026062246264414
A:L292K,0.00222936343121
A:L292F,0.0020451694440534
B:A35P,0.0020167495403412
B:A35T,0.0019487092086571
A:L292S,0.0019390391449929
A:H38N,0.001665625
A:T318K,0.0015659715913569
A:L292R,0.0014182948815267
A:L292A,0.001281726978193
A:L292I,0.0006572728906611
