mut_name,mutfracsurvive
A:A35A,0.0054417430128311
A:A35D,0.00544
A:A35C,0.00544
A:A35F,0.00544
A:A35H,0.00544
A:A35L,0.00544
A:A35M,0.00544
A:A35Y,0.00544
A:A35W,0.00544
A:A35S,0.00544
A:A35R,0.00544
A:A35Q,0.00544
A:A35N,0.00544
A:A35I,0.0052945726452657
A:A35G,0.0044841892762786
A:A35K,0.00376
A:A35V,0.0032217173105753
A:A35E,0.0027854166666666
A:A35P,0.0020167495403412
A:A35T,0.0019487092086571
