mut_name,mutfracsurvive
A:T318I,0.0026571372945217
A:T318A,0.0003653578923068
A:T318T,1.775691808349189e-07
A:T318R,8.6736173798840345e-19
A:T318Y,0.0
A:T318W,0.0
A:T318V,0.0
A:T318S,0.0
A:T318E,0.0
A:T318C,0.0
A:T318D,0.0
A:T318F,0.0
A:T318Q,0.0
A:T318G,0.0
A:T318H,0.0
A:T318K,0.0
A:T318L,0.0
A:T318M,0.0
A:T318N,0.0
A:T318P,0.0
