mut_name,mut_escape
A:Y449A,0.001862
A:Y449C,0.02143
A:Y449D,0.001862
A:Y449E,0.001862
A:Y449F,0.001862
A:Y449G,0.001862
A:Y449H,0.3055
A:Y449I,0.05555
A:Y449K,0.872
A:Y449L,0.1279
A:Y449M,0.2288
A:Y449N,0.1188
A:Y449P,0.006448
A:Y449Q,0.0438
A:Y449R,0.954
A:Y449S,0.003053
A:Y449T,0.107
A:Y449V,0.03143
A:Y449W,0.001862
A:N481A,0.001862
A:N481C,0.004735
A:N481D,0.001862
A:N481E,0.001862
A:N481F,0.6041
A:N481G,0.001861
A:N481H,0.02582
A:N481I,0.8078
A:N481K,0.8266
A:N481L,0.4834
A:N481M,0.04675
A:N481P,0.8817
A:N481Q,0.001862
A:N481R,0.09002
A:N481S,0.001862
A:N481T,0.01197
A:N481V,0.5218
A:N481Y,0.4442
A:E484A,0.9164
A:E484C,0.9904
A:E484D,0.9656
A:E484F,0.9788
A:E484G,0.7998
A:E484H,0.9272
A:E484I,0.9909
A:E484K,0.8678
A:E484L,0.8938
A:E484M,0.785
A:E484N,0.8957
A:E484P,0.9394
A:E484Q,0.8625
A:E484R,0.7831
A:E484S,0.9302
A:E484T,0.9227
A:E484V,0.9862
A:E484W,0.7607
A:E484Y,0.9683
A:G485A,0.8989
A:G485C,0.8884
A:G485D,0.9819
A:G485E,0.9625
A:G485H,0.8502
A:G485K,0.8244
A:G485M,0.8145
A:G485N,0.9142
A:G485P,0.7141
A:G485Q,0.8185
A:G485R,0.9828
A:G485S,0.9832
A:G485T,0.9859
A:F486A,0.9422
A:F486C,0.967
A:F486D,0.8653
A:F486E,0.9627
A:F486G,0.8694
A:F486H,0.001862
A:F486I,0.9581
A:F486K,0.975
A:F486L,0.9609
A:F486M,0.9051
A:F486N,0.2438
A:F486P,0.974
A:F486Q,0.9822
A:F486R,0.9467
A:F486S,0.9516
A:F486T,0.6765
A:F486V,0.9506
A:F486W,0.001862
A:F486Y,0.001862
A:F490A,0.09277
A:F490C,0.2791
A:F490D,0.9381
A:F490E,0.953
A:F490G,0.8241
A:F490H,0.001862
A:F490I,0.3216
A:F490K,0.8631
A:F490L,0.9315
A:F490M,0.6402
A:F490N,0.9411
A:F490P,0.001862
A:F490Q,0.8208
A:F490R,0.903
A:F490S,0.182
A:F490T,0.05048
A:F490V,0.03698
A:F490W,0.001862
A:F490Y,0.001862
A:S494A,0.001862
A:S494D,0.001904
A:S494F,0.002727
A:S494G,0.001862
A:S494H,0.001862
A:S494I,0.5399
A:S494K,0.002704
A:S494M,0.0677
A:S494N,0.001862
A:S494P,0.001862
A:S494R,0.001862
A:S494T,0.001862
A:S494V,0.03432
A:S494W,0.001862
A:S494Y,0.001862
