mut_name,mut_escape
A:T333A,0.03561
A:T333C,0.04192
A:T333D,0.03981
A:T333E,0.03312
A:T333F,0.03678
A:T333G,0.03548
A:T333H,0.03837
A:T333K,0.03679
A:T333L,0.04468
A:T333M,0.01427
A:T333N,0.03199
A:T333P,0.02614
A:T333Q,0.03578
A:T333R,0.03933
A:T333S,0.03198
A:T333V,0.02866
A:T333W,0.03518
A:T333Y,0.03164
A:N334A,0.0363
A:N334C,0.04763
A:N334D,0.03818
A:N334E,0.04765
A:N334F,0.03954
A:N334G,0.04408
A:N334H,0.04029
A:N334I,0.03836
A:N334K,0.05457
A:N334L,0.0385
A:N334M,0.03202
A:N334P,0.03591
A:N334Q,0.0355
A:N334R,0.04232
A:N334S,0.04295
A:N334T,0.04587
A:N334V,0.04211
A:N334Y,0.03676
A:L335A,0.0355
A:L335C,0.04341
A:L335D,0.04392
A:L335E,0.04009
A:L335F,0.04069
A:L335G,0.124
A:L335H,0.03384
A:L335I,0.04062
A:L335K,0.04018
A:L335M,0.04066
A:L335N,0.03836
A:L335P,0.04014
A:L335Q,0.03802
A:L335R,0.04081
A:L335S,0.04129
A:L335T,0.04151
A:L335V,0.03912
A:L335W,0.04042
A:L335Y,0.04496
A:P337A,0.6847
A:P337C,0.9906
A:P337D,0.9994
A:P337E,0.992
A:P337G,0.9952
A:P337H,1.0
A:P337K,0.9882
A:P337L,0.9968
A:P337M,0.972
A:P337N,0.9981
A:P337Q,0.9986
A:P337R,0.9992
A:P337S,0.9985
A:P337T,0.9924
A:G339A,0.03215
A:G339D,0.04782
A:G339E,0.05519
A:G339F,0.04513
A:G339H,0.03726
A:G339I,0.04398
A:G339K,0.06315
A:G339L,0.04037
A:G339M,0.03879
A:G339N,0.04168
A:G339P,0.03826
A:G339Q,0.04194
A:G339R,0.06103
A:G339S,0.03593
A:G339T,0.07424
A:G339V,0.04619
A:G339W,0.04738
A:G339Y,0.0461
A:E340A,0.9967
A:E340D,0.988
A:E340G,0.9857
A:E340K,0.9974
A:E340L,0.9666
A:E340M,0.9964
A:E340N,0.9965
A:E340P,0.9921
A:E340Q,0.9657
A:E340S,0.9904
A:E340T,0.9989
A:A344E,0.3708
A:A344K,0.05254
A:A344N,0.08465
A:A344Q,0.04541
A:A344R,0.04609
A:A344S,0.04829
A:T345A,0.02948
A:T345D,0.04528
A:T345E,0.04039
A:T345K,0.04492
A:T345P,0.9914
A:T345R,0.04206
A:T345S,0.03816
A:K356A,0.03941
A:K356E,0.05764
A:K356H,0.03855
A:K356I,0.03899
A:K356L,0.04667
A:K356M,0.05929
A:K356N,0.000717
A:K356Q,0.1057
A:K356R,0.04379
A:K356S,0.08986
A:K356T,0.9002
A:K356V,0.04043
A:K356Y,0.03715
A:R357A,0.03926
A:R357C,0.04206
A:R357D,0.03668
A:R357E,0.03987
A:R357H,0.03365
A:R357I,0.04126
A:R357K,0.03435
A:R357L,0.0325
A:R357M,0.03636
A:R357N,0.0751
A:R357P,0.04942
A:R357Q,0.04749
A:R357S,0.03954
A:R357T,0.03631
A:R357V,0.03493
A:R357W,0.04551
A:R357Y,0.04034
A:C361E,0.9682
A:C361N,0.9857
A:C361P,0.9444
