mut_name,mut_escape
A:N450W,0.7011
A:N450Y,0.5163
A:N450K,0.4688
A:N450L,0.03634
A:N450M,0.0249
A:N450P,0.5229
A:N450Q,0.008749
A:N450R,0.708
A:N450S,0.1581
A:K444A,0.1361
A:K444C,0.7134
A:N450C,0.16
A:N450D,0.1646
A:N450E,0.02549
A:N450F,0.4308
A:N450G,0.01654
A:N450H,0.007922
A:N450I,0.01772
A:K444N,0.8286
A:K444M,0.05957
A:K444L,0.285
A:K444I,0.3587
A:K444H,0.09445
A:K444G,0.7561
A:K444F,0.4032
A:K444E,0.8108
A:K444D,0.8019
A:N450T,0.757
A:N450V,0.01871
A:K444P,0.826
A:N450A,0.03394
A:R346Q,0.06682
A:R346S,0.1638
A:R346T,0.02821
A:R346V,0.09824
A:R346W,0.2492
A:R346Y,0.03753
A:R346M,0.07478
A:R346L,0.1997
A:R346N,0.02098
A:R346I,0.06431
A:K444Q,0.5452
A:K444R,0.01896
A:K444S,0.2961
A:K444T,0.3513
A:K444V,0.5034
A:R346K,0.009682
A:K444Y,0.1822
A:K444W,0.6631
A:R346A,0.295
A:R346C,0.2277
A:R346D,0.7021
A:R346E,0.6743
A:R346F,0.1193
A:R346G,0.163
A:R346H,0.01072
