mut_name,mut_escape
A:F486K,0.1251
A:F486L,0.005538
A:F486M,0.002895
A:F486N,0.1867
A:F486P,0.005979
A:F486Q,0.0962
A:F486D,0.131
A:F486I,0.02009
A:F486T,0.1501
A:F486V,0.001223
A:F486W,0.002155
A:F486Y,0.0007097
A:N487A,0.003745
A:F486R,0.1686
A:F486S,0.06018
A:F486G,0.00604
A:G476T,0.02787
A:G476S,0.003836
A:G476R,0.07969
A:G476Q,0.003352
A:G476N,0.003485
A:G476K,0.002532
A:G476H,0.000717
A:G476E,0.1386
A:N487D,0.002799
A:F486E,0.2445
A:G476D,0.002134
A:G476A,0.0007198
A:F486H,0.03034
A:N487E,0.0007158
A:N487F,0.2233
A:N487G,0.005584
A:F486A,0.005518
A:N487Y,0.08169
A:N487T,0.0548
A:N487S,0.0007187
A:N487R,0.2561
A:F486C,0.0007198
A:N487M,0.006446
A:N487L,0.0007283
A:N487K,0.07975
A:N487H,0.002039
A:N487Q,0.0007168
