mut_name,mut_escape
A:V445Q,0.01683
A:K444G,0.103
A:K444H,0.002576
A:K444I,0.04613
A:K444L,0.01199
A:K444M,0.007566
A:K444N,0.1042
A:K444F,0.01323
A:K444P,0.08985
A:K444R,0.01299
A:K444S,0.02564
A:K444T,0.008615
A:K444V,0.2099
A:K444W,0.1623
A:K444Y,0.003966
A:K444Q,0.005817
A:V445A,0.01749
A:K444E,0.009751
A:K444C,0.06634
A:K444D,0.01156
A:K444A,0.04138
A:V445C,0.0827
A:V445D,0.006944
A:V445E,0.07999
A:G447H,0.004861
A:G447K,0.04116
A:G447L,0.009208
A:G447M,0.002079
A:G447N,0.007034
A:G447P,0.2445
A:G447F,0.003269
A:G447Q,0.002956
A:G447S,0.002338
A:G447T,0.002092
A:G447V,0.01059
A:G447Y,0.01724
A:G447R,0.09753
A:G447E,0.002945
A:G447D,0.08653
A:G447C,0.003283
A:V445F,0.03107
A:V445G,0.3926
A:V445H,0.007145
A:V445I,0.006873
A:V445K,0.008322
A:V445L,0.008496
A:V445M,0.03672
A:V445N,0.01767
A:V445P,0.08612
A:V445R,0.02993
A:V445S,0.0108
A:V445T,0.02575
A:V445W,0.07167
A:V445Y,0.5261
A:G447A,0.003854
