mut_name,mut_escape
A:R346Y,0.2153
A:R346N,0.1673
A:R346Q,0.207
A:R346S,0.2448
A:R346T,0.1431
A:R346V,0.01862
A:R346M,0.2964
A:R346W,0.536
A:L441A,0.001255
A:L441D,0.001214
A:L441I,0.002082
A:L441K,0.001302
A:L441N,0.01668
A:L441Q,0.00226
A:R346L,0.1201
A:R346K,0.001962
A:R346H,0.002093
A:A344E,0.2142
A:A344K,0.002131
A:A344N,0.008225
A:A344Q,0.004741
A:A344R,0.00287
A:A344S,0.004352
A:T345A,0.707
A:T345D,0.9229
A:T345E,0.937
A:T345K,0.9387
A:T345P,0.9218
A:T345R,0.7946
A:T345S,0.002539
A:R346A,0.2229
A:R346C,0.004018
A:R346D,0.9991
A:R346E,1.014
A:R346F,0.311
A:R346G,0.7035
A:R346I,0.007137
A:R346L,0.108
A:T345R,0.6288
A:R346A,0.08816
A:R346C,0.03341
A:R346D,0.8278
A:R346E,0.8144
A:R346F,0.257
A:R346G,0.4929
A:R346I,0.01403
A:R346M,0.2249
A:R346N,0.1187
A:R346Q,0.1117
A:R346S,0.1879
A:R346T,0.122
A:R346V,0.02502
A:R346W,0.2954
A:T345P,0.7624
A:R346Y,0.1582
A:T345K,0.5984
A:T345D,0.6198
A:L441R,0.1948
A:A344E,0.09921
A:A344N,0.02096
A:A344Q,0.01427
A:A344S,0.01043
A:T345A,0.4579
A:T345E,0.7644
A:A344R,0.0071
A:L441S,0.001227
A:L441Y,0.09792
A:L441R,0.2389
