mut_name,mut_escape
A:G404A,0.01254
A:G404K,0.2534
A:G404Q,0.04912
A:D405F,0.0265
A:D405I,0.101
A:D405R,0.02776
A:D405L,0.07574
A:D405N,0.01223
A:D405S,0.007892
A:D405K,0.01799
A:G404K,0.4418
A:D405T,0.06777
A:D405Y,0.06941
A:N439G,0.01326
A:V503T,0.4164
A:V503S,0.4458
A:V503W,0.02913
A:V503A,0.01432
A:V503C,0.2491
A:V503D,0.5432
A:V503E,0.02561
A:V503F,0.02499
A:V503G,0.07078
A:V503H,0.02214
A:V503N,0.01451
A:V503Y,0.02966
A:N439S,0.01114
A:N439T,0.04311
A:N439Y,0.05754
A:G404A,0.006376
A:V503R,0.01141
A:V503L,0.001697
A:V503N,0.003673
A:V503Q,0.00722
A:V503R,0.003146
A:V503S,0.6226
A:V503T,0.3497
A:V503W,0.003883
A:V503Y,0.01123
A:V503M,0.001962
A:V503K,0.00204
A:G404Q,0.1068
A:D405A,0.002061
A:D405C,0.002778
A:D405E,0.00273
A:D405F,0.005233
A:D405I,0.01336
A:D405K,0.004259
A:D405L,0.03762
A:D405N,0.001653
A:D405R,0.01514
A:D405S,0.004323
A:V503Q,0.008274
A:D405T,0.1578
A:V503A,0.007486
A:V503C,0.04337
A:V503D,0.8739
A:V503E,0.005636
A:V503F,0.006352
A:V503G,0.05661
A:V503H,0.009393
A:V503I,0.001851
A:D405Y,0.1706
