mut_name,mut_escape
A:P337A,0.02319
A:P337C,0.0607
A:P337D,0.01353
A:P337G,0.01895
A:P337H,0.02187
A:P337L,0.05789
A:P337M,0.03297
A:P337Q,0.0307
A:P337S,0.01621
A:P337T,0.06925
A:E340A,0.01888
A:E340D,0.03135
A:E340G,0.04546
A:E340K,0.1757
A:E340L,0.02514
A:E340M,0.04267
A:E340N,0.0491
A:E340P,0.03931
A:E340Q,0.01324
A:E340S,0.01439
A:E340T,0.02607
A:T345A,0.02266
A:T345D,0.722
A:T345E,0.7865
A:T345K,0.3841
A:T345P,0.361
A:T345R,0.1126
A:R346A,0.07807
A:R346D,0.2519
A:R346E,0.268
A:R346F,0.0315
A:R346G,0.03316
A:R346I,0.06405
A:R346L,0.06313
A:R346M,0.04069
A:R346N,0.02167
A:R346S,0.0272
A:R346T,0.08379
A:R346V,0.01853
A:R346Y,0.04442
A:K356C,0.01319
A:K356E,0.01916
A:K356M,0.01374
A:K356S,0.03151
A:K356T,0.1241
A:K356Y,0.0134
A:R357D,0.01341
A:R357W,0.05451
A:R357Y,0.04675
A:K444A,0.01774
A:K444C,0.04454
A:K444E,0.04222
A:K444F,0.01405
A:K444G,0.06234
A:K444N,0.03918
A:K444P,0.02192
A:K444S,0.02133
A:K444T,0.01617
A:N448C,0.06589
A:N448D,0.04095
A:N448E,0.0379
A:N448K,0.07121
A:N448M,0.01968
A:N448V,0.02379
A:N448Y,0.03791
