mut_name,mut_escape
A:I472D,0.3612
A:I472N,0.2568
A:I472Q,0.2409
A:Y473C,0.09453
A:Y473E,0.3705
A:Y473N,0.4528
A:Y473S,0.1911
A:Y473T,0.09143
A:V483N,0.2571
A:V483R,0.09782
A:V483T,0.1534
A:E484A,0.6079
A:E484C,0.3147
A:E484D,0.2919
A:E484F,0.3592
A:E484G,0.6498
A:E484H,0.2653
A:E484I,0.2776
A:E484K,0.6152
A:E484L,0.3394
A:E484M,0.08533
A:E484N,0.2823
A:E484P,0.4723
A:E484R,0.3595
A:E484S,0.3905
A:E484T,0.6385
A:E484V,0.464
A:E484W,0.5494
A:E484Y,0.08889
A:G485A,0.0596
A:G485D,0.1307
A:G485K,0.4895
A:G485M,0.1851
A:G485N,0.1637
A:G485P,0.5095
A:F486A,0.3919
A:F486C,0.6539
A:F486D,0.8136
A:F486E,0.6804
A:F486G,0.2574
A:F486H,0.572
A:F486I,0.7303
A:F486K,0.4522
A:F486M,0.3169
A:F486N,0.396
A:F486P,0.6212
A:F486Q,0.5793
A:F486R,0.506
A:F486S,0.5587
A:F486T,0.4234
A:F486V,0.5363
A:F490Q,1.0
A:I472A,0.01483
A:I472C,0.09215
A:I472D,0.3667
A:I472E,0.01479
A:I472F,0.01417
A:I472G,0.0142
A:I472H,0.01458
A:I472K,0.01456
A:I472L,0.01394
A:I472M,0.01419
A:I472N,0.2569
A:I472P,0.01503
A:I472Q,0.2603
A:I472S,0.01492
A:I472T,0.01511
A:I472V,0.01484
A:I472W,0.01495
A:I472Y,0.01388
A:Y473A,0.01442
A:Y473C,0.1261
A:Y473E,0.3603
A:Y473F,0.01426
A:Y473H,0.01396
A:Y473I,0.01399
A:Y473L,0.01325
A:Y473M,0.01401
A:Y473N,0.453
A:Y473Q,0.01439
A:Y473S,0.2093
A:Y473T,0.01512
A:Y473V,0.01439
A:Y473W,0.01484
A:V483A,0.01412
A:V483C,0.01461
A:V483D,0.01414
A:V483E,0.01452
A:V483F,0.01437
A:V483G,0.01447
A:V483I,0.01452
A:V483K,0.01405
A:V483L,0.01411
A:V483M,0.0123
A:V483N,0.2706
A:V483Q,0.01404
A:V483R,0.09721
A:V483S,0.01433
A:V483T,0.1549
A:V483W,0.01395
A:V483Y,0.01421
A:E484A,0.6106
A:E484C,0.273
A:E484D,0.301
A:E484F,0.36
A:E484G,0.5927
A:E484H,0.2774
A:E484I,0.2958
A:E484K,0.6175
A:E484L,0.3407
A:E484M,0.07524
A:E484N,0.2564
A:E484P,0.4891
A:E484Q,0.01479
A:E484R,0.3693
A:E484S,0.3857
A:E484T,0.634
A:E484V,0.4652
A:E484W,0.4765
A:E484Y,0.112
A:G485A,0.03728
A:G485C,0.01529
A:G485D,0.1441
A:G485E,0.01447
A:G485H,0.01515
A:G485K,0.4864
A:G485M,0.145
A:G485N,0.119
A:G485P,0.515
A:G485Q,0.01459
A:G485R,0.08642
A:G485S,0.01472
A:G485T,0.01485
A:F486A,0.3907
A:F486C,0.6438
A:F486D,0.8108
A:F486E,0.6572
A:F486G,0.2793
A:F486H,0.5522
A:F486I,0.7438
A:F486K,0.4604
A:F486L,0.01397
A:F486M,0.3326
A:F486N,0.3735
A:F486P,0.6138
A:F486Q,0.5942
A:F486R,0.5079
A:F486S,0.5708
A:F486T,0.418
A:F486V,0.5351
A:F486W,0.01527
A:F486Y,0.01497
