mut_name,mut_escape
A:K444D,0.1429
A:K444E,0.07214
A:K444F,0.08726
A:K444H,0.07229
A:K444I,0.145
A:K444L,0.1539
A:K444P,0.2794
A:K444W,0.1822
A:K444Y,0.1453
A:V445G,0.1243
A:V445K,0.3342
A:V445R,0.378
A:G446C,0.22
A:G446D,0.3505
A:G446E,0.4092
A:G446F,0.06994
A:G446H,0.6064
A:G446I,0.5004
A:G446K,0.3706
A:G446L,0.331
A:G446M,0.6254
A:G446N,0.3146
A:G446Q,0.6083
A:G446R,0.3347
A:G446S,0.3157
A:G446T,0.3715
A:G446V,0.4733
A:G446W,0.3736
A:G446Y,0.442
A:Y449D,0.3633
A:Y449E,0.399
A:Y449G,0.3745
A:Y449I,0.4059
A:Y449K,0.5094
A:Y449L,0.05499
A:Y449P,0.4064
A:Y449Q,0.04964
A:Y449R,0.2129
A:Y449T,0.3237
A:Y449V,0.4173
A:Y449W,0.1297
A:N450F,0.03153
A:N450P,0.3747
A:N450T,0.2851
A:Q493W,0.2017
A:K444A,0.5845
A:K444C,0.3007
A:K444D,0.3353
A:K444E,0.8635
A:K444F,0.9231
A:K444G,0.7707
A:K444L,0.6765
A:K444M,0.4546
A:K444N,0.2205
A:K444P,0.4696
A:K444Q,0.9421
A:K444R,0.01622
A:K444S,0.7254
A:K444T,0.5061
A:K444V,0.889
A:K444W,0.6925
A:K444Y,0.5012
A:G446A,0.3346
A:G446D,0.09074
A:G446E,0.1238
A:G446F,0.04891
A:G446H,0.00448
A:G446I,0.7128
A:G446K,0.5794
A:G446L,0.05789
A:G446M,0.241
A:G446N,0.12
A:G446P,0.2171
A:G446R,0.687
A:G446S,0.06936
A:G446T,0.3609
A:G446V,0.7923
A:G446W,0.006987
A:G446Y,0.01249
A:Y449A,0.362
A:Y449C,0.39
A:Y449D,0.915
A:Y449E,0.8075
A:Y449F,0.01634
A:Y449G,0.09028
A:Y449H,0.01612
A:Y449I,0.7627
A:Y449K,0.3395
A:Y449L,0.7627
A:Y449M,0.01249
A:Y449N,0.07702
A:Y449P,0.3964
A:Y449R,0.5068
A:Y449S,0.229
A:Y449T,0.5
A:Y449V,0.5446
A:N450A,0.0165
A:N450D,0.6621
A:N450E,0.1767
A:N450F,0.05385
A:N450G,0.01626
A:N450H,0.02082
A:N450I,0.06019
A:N450K,0.0161
A:N450L,0.01642
A:N450M,0.01632
A:N450P,0.8896
A:N450Q,0.01619
A:N450R,0.016
A:N450S,0.2009
A:N450T,0.3323
A:N450V,0.06326
A:N450W,0.003887
A:N450Y,0.01635
A:E484A,0.06449
A:E484C,0.02695
A:E484D,0.02372
A:E484G,0.003875
A:E484K,0.0161
A:E484L,0.2149
A:E484M,0.08273
A:E484N,0.0916
A:E484P,0.04776
A:E484R,0.04021
A:E484S,0.01668
A:E484T,0.08108
A:E484V,0.6422
A:E484W,0.2942
A:E484Y,0.04765
A:S494A,0.01629
A:S494C,0.003856
A:S494D,0.2442
A:S494F,0.5836
A:S494G,0.003806
A:S494H,0.07877
A:S494I,0.1682
A:S494K,0.07401
A:S494N,0.4478
A:S494P,0.03799
A:S494Q,0.1985
A:S494R,0.2238
A:S494T,0.07728
A:S494V,0.228
A:S494Y,0.3243
