mut_name,mut_escape
A:F374A,0.02296
A:F374D,0.01405
A:F374K,0.067
A:F374L,0.03039
A:F374N,0.1748
A:F374P,0.01689
A:F374T,0.0202
A:F374V,0.0131
A:S375K,0.2054
A:S375M,0.067
A:S375N,0.01174
A:S375P,0.067
A:S375Q,0.009825
A:S375Y,0.04837
A:T376D,0.01621
A:T376E,0.02487
A:T376F,0.02085
A:T376L,0.02665
A:T376Q,0.02337
A:T376R,0.04925
A:T376W,0.07878
A:T376Y,0.01143
A:K378A,0.01854
A:K378D,0.1541
A:K378E,0.08096
A:K378I,0.04144
A:K378L,0.1745
A:K378M,0.04197
A:K378N,0.01835
A:K378S,0.02213
A:K378V,0.01449
A:R408A,0.12
A:R408C,0.05258
A:R408D,0.1269
A:R408E,0.04804
A:R408F,0.02069
A:R408G,0.02075
A:R408I,0.1023
A:R408L,0.01663
A:R408P,0.02678
A:R408Q,0.04752
A:R408S,0.02048
A:R408T,0.01521
A:R408V,0.02112
A:R408W,0.04873
A:V503D,0.01242
A:V503F,0.01147
A:V503K,0.05902
A:V503Q,0.0206
A:V503R,0.01012
A:V503S,0.07575
A:K378A,0.005911
A:K378C,0.003502
A:K378D,0.03839
A:K378E,0.4213
A:K378I,0.08334
A:K378L,0.1853
A:K378M,0.08545
A:K378N,0.03699
A:K378Q,0.0149
A:K378R,0.009261
A:K378S,0.04243
A:K378T,0.003038
A:K378V,0.0125
A:Q409S,0.1707
