mut_name,mut_escape
A:E484F,0.03124
A:E484H,0.02078
A:E484K,0.03057
A:E484N,0.01185
A:E484W,0.01956
A:E484S,0.01136
A:E484Y,0.05565
A:E484C,0.01953
A:E484Q,0.0512
A:I472S,0.01896
A:I472H,0.01534
A:I472G,0.01976
A:I472E,0.0357
A:I472C,0.07573
A:T470E,0.1511
A:T470D,0.1002
A:I468Y,0.02467
A:I468T,0.0134
A:F490A,0.01803
A:I472K,0.026
A:F490D,0.3191
A:F490G,0.05938
A:I468R,0.03496
A:F490E,0.08564
A:F490T,0.01548
A:F490S,0.01664
A:F490R,0.06808
A:F490Q,0.1198
A:F490P,0.01378
A:F490N,0.0648
A:F490L,0.03794
A:F490K,0.071
A:F490H,0.04391
A:F490V,0.01286
A:I468Q,0.03817
A:I468N,0.6496
A:I468P,0.1266
A:N354Q,0.04849
A:N354C,0.1321
A:N354D,0.02091
A:N354G,0.01298
A:N354R,0.01652
A:N354T,0.01516
A:N354V,0.02919
A:R357D,0.01455
A:R357E,0.03227
A:R357N,0.01705
A:R357P,0.1215
A:R357Q,0.06232
A:R357W,0.01165
A:R357Y,0.01853
A:N354K,0.01807
A:R357M,0.01135
A:N354M,0.09518
A:L452C,0.01279
A:L452D,0.2647
A:L452E,0.2402
A:L452H,0.01143
A:L452N,0.03788
A:L452Q,0.03878
A:L452R,0.1341
A:L452K,0.1709
A:I468C,0.01875
A:R466K,0.03761
A:R466H,0.06405
A:L452Y,0.01444
A:L452W,0.04451
A:L452T,0.0846
A:L452S,0.02603
A:I468D,0.02256
A:R466Q,0.3727
A:I468H,0.026
A:I468K,0.0204
A:I468A,0.01135
