mut_name,mut_escape
A:R346A,0.3366
A:N439H,0.1143
A:N439Q,0.03306
A:N439T,0.06114
A:N439Y,0.06576
A:K444A,0.1415
A:K444C,0.3312
A:K444D,0.437
A:K444E,0.2713
A:K444F,0.2854
A:K444G,0.3578
A:K444I,0.2747
A:K444L,0.2178
A:K444M,0.2752
A:K444N,0.2698
A:K444P,0.2802
A:K444Q,0.2997
A:K444S,0.2522
A:K444T,0.1859
A:K444V,0.1938
A:K444W,0.2532
A:K444Y,0.1907
A:V445A,0.06195
A:V445C,0.1142
A:V445D,0.1649
A:V445E,0.3997
A:V445G,0.3663
A:V445H,0.04881
A:V445K,0.4407
A:V445M,0.05559
A:V445N,0.06523
A:V445P,0.164
A:V445R,0.6383
A:V445S,0.2012
A:V445W,0.08174
A:V445Y,0.3082
A:G446C,0.118
A:G446D,0.115
A:G446E,0.237
A:G446F,0.1434
A:G446H,0.02626
A:G446I,0.14
A:G446K,0.1984
A:G446L,0.1005
A:G446P,0.5773
A:G446R,0.1181
A:G446T,0.2245
A:G446V,0.07483
A:G446W,0.1522
A:G446Y,0.1616
A:G447C,0.08166
A:G447D,0.2564
A:G447E,0.2172
A:G447F,0.04269
A:G447H,0.09975
A:G447I,0.197
A:G447L,0.1714
A:G447M,0.0722
A:G447P,0.4601
A:G447Q,0.02008
A:G447R,0.1097
A:G447S,0.05458
A:G447T,0.0594
A:G447V,0.1946
A:G447Y,0.07766
A:N450D,0.02248
A:N450P,0.02162
A:N450T,0.2342
A:P499C,0.3242
A:P499D,0.2856
A:P499E,0.3484
A:P499F,0.2937
A:P499G,0.06742
A:P499H,0.1716
A:P499K,0.4649
A:P499M,0.06617
A:P499Q,0.2425
A:P499R,0.3672
A:P499S,0.07356
A:P499Y,0.1847
A:N439C,0.001041
A:N439D,0.001041
A:N439H,0.002997
A:N439K,0.007816
A:N439L,0.004429
A:N439M,0.001041
A:N439Q,0.01384
A:N439S,0.02113
A:N439T,0.1624
A:N439V,0.01109
A:N439Y,0.008404
A:K444A,0.01514
A:K444C,0.07167
A:K444D,0.3734
A:K444E,0.02539
A:K444F,0.01029
A:K444G,0.2625
A:K444H,0.001088
A:K444I,0.002463
A:K444L,0.04092
A:K444M,0.003976
A:K444N,0.1284
A:K444P,0.03833
A:K444Q,0.01477
A:K444R,0.002901
A:K444S,0.05595
A:K444V,0.0179
A:K444W,0.1069
A:V445A,0.1004
A:V445C,0.0804
A:V445D,0.1909
A:V445E,0.3273
A:V445G,0.3192
A:V445H,0.143
A:V445I,0.01401
A:V445K,0.2966
A:V445L,0.002784
A:V445M,0.1453
A:V445N,0.1883
A:V445P,0.008527
A:V445Q,0.000758
A:V445R,0.637
A:V445S,0.0501
A:V445W,0.02994
A:V445Y,0.4493
A:G446C,0.03461
A:G446D,0.002055
A:G446E,0.1309
A:G446F,0.00309
A:G446H,0.00691
A:G446I,0.05433
A:G446K,0.02305
A:G446P,0.5633
A:G446Q,0.001573
A:G446R,0.001285
A:G446V,0.007708
A:G446W,0.0009137
A:P499A,0.001657
A:P499C,0.3124
A:P499E,0.06596
A:P499F,0.4567
A:P499G,0.001041
A:P499H,0.0578
A:P499L,0.002519
A:P499M,0.001892
A:P499Q,0.003622
A:P499R,0.2085
A:P499S,0.0197
A:P499T,0.001441
A:P499V,0.002473
A:P499Y,0.07217
